candidate_id,canonical_company_name,registrable_domain,capability_groups,sme_evidence_status,size_evidence,primary_evidence_url,primary_page_sha256,independent_confirmation_url,independent_source_sha256,verification_confidence,verified_at
review-61643b087331d511cce9,Allwin21 Corporation,allwin21.com,"[""deposition"", ""etch"", ""metrology"", ""thermal_processing""]",probable_sme,14 employees; 11-50 range,https://allwin21.com/rapid-thermal-processing-rtp,26f75c2f830d702f29a3b66902576d0b3fdfc8a6418bbfb51c397fe17c7c476a,https://leadiq.com/c/allwin21-corp/5a1da6b82300005b009a008d,8e90b443017ba6dc62b5c76129a0c71e7c175f977eac35f800b3eea7c64a8ec5,medium,2026-07-29
review-e4bd2c399ef25045b41f,Applied Energy Systems Inc.,appliedenergysystems.com,"[""deposition"", ""etch"", ""gas_delivery""]",unknown,none,https://www.appliedenergysystems.com/powering-precision-rising-demand-for-uhp-gases-semiconductor-manufacturing,56e67c336b40f112881d18e763c793870177375de4cf335ddff6a740ca3a255e,https://us.metoree.com/companies/152096,3611e0532b7788bb676613f1dfa1938e75c7fae2acfd09579b721539df14d77a,high,2026-07-29
review-013894d4e1c84e761383,Boston Semi Equipment LLC,bostonsemiequipment.com,"[""test""]",probable_sme,103 employees; 51-200 range,https://bostonsemiequipment.com/,efd8718e142d930da786c090503355e2f4fcd7102f15171d7b06a2333ccf2e88,https://leadiq.com/c/boston-semi-equipment/5a1d98ba2300005b00875cd3,a5652fa1da071fd3c135267ac6c6216eb18be8df249d45cec2783c179db37212,medium,2026-07-29
review-d2a25cb28e509719a435,Bruker Corporation,bruker.com,"[""cmp"", ""etch"", ""metrology"", ""wet_processing""]",not_sme,none,https://www.bruker.com/en/products-and-solutions/semiconductor-solutions.html,bc3186cf044b064e578cb94e1b1dce95f7df737ed6810074dd600ff3f15b35ea,https://us.metoree.com/companies/295,3a83307329a75987c60555435c31e3ff8b50154e62a99b073861dad50bb5f3bd,high,2026-07-29
review-cb7744b57b01abc9b1cd,C-Hawk Technology Inc.,c-hawk.com,"[""deposition"", ""etch"", ""gas_delivery"", ""metrology""]",unknown,none,https://c-hawk.com/capability/ultra-high-purity-weldments,560be5cdd27f9cd5eec0f6f6085e4a5d3ef461bf830ad5193b387120d342d96e,https://www.cbinsights.com/company/chawk-technology,2fabd8cb6fc23cd8746bfb30e706bea1a8bbad035b5612004b41f0f411dc2426,medium,2026-07-29
review-ed4625807559483ef6bd,Cabot Corporation,cabotcorp.com,"[""cmp""]",not_sme,none,https://www.cabotcorp.com/solutions/applications/digitalization/chemical-mechanical-planarization,2ad013a24b12355438808a5874f0f7e62f6933505b1e30a83d5cd0e18d375f8e,https://us.metoree.com/companies/154219,c023874e703d9a2ce2385c08033066d8a1ec90ba883662a69b201ca28a78b3a9,high,2026-07-29
review-cdfb3dcf87389cd6a639,Chemcut Corporation,chemcut.net,"[""cmp"", ""etch"", ""lithography"", ""wet_processing""]",unknown,none,https://www.chemcut.net/industries-served/semiconductors-semi,1e56987b9df02beba7a4bd63fc26205285ec2d7cbe34bf579f6ccae7704a640e,https://us.metoree.com/companies/154941,0ebfc204efcc95a87fe1462800305ae579e2469fb6b4c32db316472517addd84,high,2026-07-29
review-ff244414e150cba4e9fd,CoorsTek Inc.,coorstek.com,"[""cmp"", ""deposition"", ""etch"", ""lithography"", ""metrology"", ""thermal_processing"", ""wafer_handling""]",not_sme,none,https://www.coorstek.com/en/industries/semiconductor,5acbe70e08816d7c838fd1a99625b3d7e172de74f7b3fa1260119e75a3958abd,https://us.metoree.com/companies/140833,8a52ec03eb464846dd86f76e0765565b7e6237df19021e1960eff5cc268e2499,high,2026-07-29
review-de6a41c98bcd3feb1229,Critical Systems Inc.,criticalsystemsinc.com,"[""deposition"", ""gas_delivery"", ""metrology""]",unknown,none,https://www.criticalsystemsinc.com/,80ad108056f0e274d7822c7df09e3cb8a901ee050cf0bfa6f559474d572257d8,https://www.mapquest.com/us/idaho/critical-systems-365273324,09cc0a2112fefe26220b1663494930857bbe30218456894770574db9734128ef,medium,2026-07-29
review-f5318b9582d0c8a60a9c,Entrepix Inc.,entrepix.com,"[""cmp"", ""metrology"", ""thermal_processing"", ""wet_processing""]",probable_sme,36 employees; 11-50 range,https://www.entrepix.com/about-1,03e7d5deaede9cf142bbefbcdf8fe65620c21f501c2d59debee476a799be9379,https://leadiq.com/c/entrepix/5a1d82ae24000024005d47a8,49b23a99f4be98ba8034ff307b0e6e578f400d6311c57e78a611a1effcb395e7,medium,2026-07-29
review-e968d6979164d379b890,Helix Linear Technologies Inc.,helixlinear.com,"[""metrology"", ""wafer_handling""]",unknown,none,https://www.helixlinear.com/markets/semiconductor-wafer-handling-robots,18e2d4cdb6ec1a2fee0f3616e38b0a1538bf15a11204ed9f1ceac4ad2ce77f56,https://us.metoree.com/companies/160513,e1f1c9871396c4066b54f0b46e8e6e4b1a2c8caccd6ebb35976b8d94dcc8c58d,high,2026-07-29
review-30c0e0791755f89e3321,Imperial Machine & Tool Co.,imperialmachine.com,"[""deposition"", ""etch"", ""vacuum""]",unknown,none,https://www.imperialmachine.com/vacuum-chambers,0d78b7ff459a10b61c98d85a6da5d607dd6c613438c066260f83e866d9b0dd66,https://us.metoree.com/companies/147818,5ea93c572c5ddc9ddd19e03970cf991e47a1245037b9b9c16b71083f8e7269d7,high,2026-07-29
review-43255f0fab92a7d118ff,Jabil Inc.,jabil.com,"[""metrology"", ""wafer_handling""]",not_sme,"135,000 employees",https://www.jabil.com/industries/semiconductor-equipment/wafer-fabrication-equipment.html,cdb27a186518da050e7a8611ef5484b5796ad2546bb3c8d4895eb66aac28c5ca,https://www.globaldata.com/company-profile/jabil-inc,fdef059eb39940e73d1023b389626b336e0aefab6dc3fc7fc058fbbbbf18e8df,high,2026-07-29
review-f6ebfaa1b4389fdd266c,JST Manufacturing Inc.,jstmfg.com,"[""cmp"", ""etch"", ""lithography"", ""metrology"", ""wafer_handling"", ""wet_processing""]",unknown,none,https://jstmfg.com/product/automated-parts-cleaning-system,f08a18271aacb9665ba88786cb0917f795a74d7c60ecba2eb9c693e6bdb6f38c,https://us.metoree.com/companies/198132,65a52f65388c6e86bdaee7b2ac0d0ca907a7dde0fce3bbdbe36a7d122342dac8,high,2026-07-29
review-5b47c8c650ef3aae98d9,Keller Technology Corporation,kellertechnology.com,"[""deposition"", ""etch"", ""lithography"", ""metrology"", ""thermal_processing"", ""vacuum"", ""wafer_handling""]",unknown,none,https://www.kellertechnology.com/precision-fabrication/custom-vacuum-chambers,d34a2ebb32cc061d6985d4df18546504bc1963674f529a2dd5f308b9ab8a7f31,https://us.metoree.com/companies/143182,7f51fe73acff1b70299532f6fa54c0a0ecc6d8bbf115589dd0fb4c052093a1c5,high,2026-07-29
review-e5325e1926a9c3eb625b,Mactronix Inc.,megatech.com,"[""metrology"", ""thermal_processing"", ""wafer_handling""]",probable_sme,27 employees; 11-50 range,https://www.megatech.com/brands/mactronix,562578d68810d27e837a5ecb317dbd115c91161bba675f851e662206121dd7ef,https://leadiq.com/c/mactronix/5a1d869d240000240060cee8,75222f07315e0254224601c93c9e1a773884641d82a36949f2afddfe6b57d816,medium,2026-07-29
review-b3f505377667abfb255a,Mattson Technology Inc.,mattson.com,"[""etch"", ""lithography"", ""metrology"", ""thermal_processing""]",unknown,619 employees; 501-1000 range,https://mattson.com/technology/rapid-thermal-processing,44f48a69a9dc54f9a14cb084808df2e1cde64bf8c1afc4ba342393383d4f146a,https://leadiq.com/c/mattson-technology/5a1d8aa32400002400647e86,0610174b3bd09f570f6cf0ee1eb59a2d0b39c722515db33a7ba599c5d35c583a,medium,2026-07-29
review-893631d251f24c15f71b,Modutek Corporation,modutek.com,"[""etch"", ""lithography"", ""wet_processing""]",unknown,none,https://www.modutek.com/wet-benches/automated-wet-bench-systems,fb8c9033823c77e8190be423692e54a46112d8abb299d9276add974ca69f50cf,https://us.metoree.com/companies/194391,eaafca790b79bbca6cfd3e878d9fc245976d63d17116a06e8bf1af965f2d86de,high,2026-07-29
review-2d043da11885334670b6,Mott Corporation,mottcorp.com,"[""deposition"", ""gas_delivery"", ""metrology""]",probable_sme,234 employees; 201-500 range,https://www.mottcorp.com/application/high-purity-gas-delivery,ff0fe4a438346d79ec5f2ea24dfd8cf9f6a04f1e6a7c65df613768f89a76801f,https://leadiq.com/c/mott-corporation/5a1d8a932400002400644c31,05f49ffdfebe75b7a3fc3c7405f0d85ae023f7db77b3bd957800cd5776589644,medium,2026-07-29
review-f08052dee103c56d1a4e,NADAtech LLC,nadatech.com,"[""metrology"", ""wafer_handling""]",probable_sme,19 employees; 11-50 range,https://nadatech.com/markets/oem-products,e6855d73ca98ff995ea87d566397d4c2dd015f71d8bfcbc4e32a223bef573bc8,https://leadiq.com/c/nada-technologies-llc/61518c00d617b25690ff9374,034c313f5b686a1e4992729e9751cb156ec40b83cdb191dfb9800774225fcb25,medium,2026-07-29
review-824b287be17d151eb022,NES Company Inc.,nescompany.com,"[""etch"", ""lithography"", ""vacuum""]",unknown,none,https://nescompany.com/rotary-vane-vacuum-pumps/semiconductor-manufacturing,a52492f4b7b929448b92ebf01b17dd106b2412a4967d3c7bb4c1b1b7c9a10518,https://www.processregister.com/NES_Company_Inc/Supplier/sid272750.htm,345b7becb4a2bede6496fce6edf37170eba53aa5359fae8a7bbbb4b60c6dfc93,medium,2026-07-29
review-f76cb9bd983bca2a5801,Nova Ltd.,novami.com,"[""metrology""]",unknown,"1,769 total employees on U.S. office profile",https://www.novami.com/,6bfde512711d6f0c0f577389ea334f6d75abf83dde5c67809ae27a06bb746681,https://www.builtinsf.com/company/nova-ltd,656ca625426d3e46b5f10fbd69a30de5661188076e46f838a8505ae9123c46fa,medium,2026-07-29
review-5ee11ec2f7d16e3142df,PVD Products Inc.,pvdproducts.com,"[""deposition"", ""vacuum""]",unknown,none,https://www.pvdproducts.com/,f18e8a00ba3c9c345d0798c80c7045da54d2e81f954a7aa1da78fca8b2507b9a,https://us.metoree.com/companies/176125,0b06803948879841ad6c1017bc081d241f2ed85206b5fec52158b7078df6a012,high,2026-07-29
review-fd86b62bd2aa96ae92e7,Qnity Electronics,qnityelectronics.com,"[""cmp"", ""lithography""]",not_sme,"10,000 employees",https://www.qnityelectronics.com/cmp-slurries.html,26dd6ea2d4ff8e8f5c7eae997cc402689bd4c5ad7d1fe5be50f2ade256173b21,https://stockanalysis.com/stocks/q/company,1971ebfb3f2d1416ed73a98148f6a7e768adde8dace41bf6786249690bea1c90,high,2026-07-29
review-3b0e5b4da49284f72214,RENA Technologies North America,rena-na.com,"[""etch"", ""wet_processing""]",probable_sme,87 employees; 51-200 range,https://smr.rena-na.com/,54db0c93bb0eaddf7187c8e6616465f9cc9b964d146f6e557e774bea167a9c32,https://leadiq.com/c/rena-technologies-north-america/5a1d84a224000024005f5584,e313b89ba6fcb6e6d18fce633160e5c9b41fbe38e7b2ddc73058ea381a30dda8,medium,2026-07-29
review-466584bbe98d2df32b60,SPT Microtechnologies,sptcorp.com,"[""deposition"", ""etch"", ""thermal_processing""]",probable_sme,39 employees; 11-50 range,https://www.sptcorp.com/en/products,01e74672a9fca2179588e9fec9ab9606dd326b6e4555c2505db21c4df13c2ab7,https://leadiq.com/c/spt-microtechnologies-usa-inc/5b2ac3c3370000b500baf8a4,db39ef3614041e7782e8bce7138c1bfae020d244383691f3967dacae272477f9,medium,2026-07-29
review-a6466f6e2947fb89d78c,Therm-X of California,therm-x.com,"[""deposition"", ""etch"", ""lithography"", ""metrology"", ""vacuum"", ""wafer_handling""]",probable_sme,51-200 employees,https://www.therm-x.com/semiconductor,58f3dfa9821126a5122f82d851812d184eefd283b9a12e777599ae00d355e396,https://www.arounddeal.com/c/therm-x-california/x4yrazthgg,62d24ce57c1e880d73742b4bb17c65f7e7064f26a5657fcf034d328352e56c6b,medium,2026-07-29
review-250c9f13e45ccc52a964,Ultra Clean Holdings Inc.,uct.com,"[""deposition"", ""gas_delivery"", ""metrology""]",not_sme,"7,411 employees and 2024 revenue $2.1B",https://www.uct.com/products/chemical-and-gas-delivery/default.aspx,35b6a169b7435507cca61bca39498df4b0d7c31648a1175c1baeeac2f417de8a,https://www.globaldata.com/company-profile/ultra-clean-holdings-inc,b23a9d306da25c7215a29f123070b374ca063b37f21976961081ff65588ecd50,high,2026-07-29
review-43143f1a018053114649,Valex Corporation,valex.com,"[""cmp"", ""gas_delivery"", ""metrology""]",probable_sme,219 employees; 201-500 range,https://www.valex.com/products-contract-manufacturing-weldments.aspx,6f4e38aed7a875654587dc19506917011f630bd5bf6a5553f2043dc9767c8a85,https://us.metoree.com/companies/190203,d2ccea90b054f8e1747a421c2141f9c58d513f43fba5ae8a5a4fc276fd0f14c2,high,2026-07-29
review-d2864596a6b431cad1c7,Wafer Process Systems Inc.,waferprocess.com,"[""etch"", ""wet_processing""]",probable_sme,3 employees; 2-10 range,https://waferprocess.com/,0a44ae03e3bb6d0172bd5abac481c20ba701168d33f277fda61d76324df8ea15,https://leadiq.com/c/wafer-process-systems-inc/5a1da4b62300005b00974a72,a6c9c76701e99aaef53cfdcd50850052755becc7eb9c85875c5bb06957570923,medium,2026-07-29
